{
	"volumes": null,
	"id":  "tm-interface",
	"cmd": null,
	"args":  null,
	"user":  null,
	"env":  {"TM_DB_IP":  "tpc://tm_db.marathon.mesos",
			 "TM_DB_PORT":  "5555"
			 },
	"instances": 1,
	"cpus":  1,
	"mem":  1000,
	"disk":  0,
	"gpus":  0,
	"executor":  null,
	"contraints":  null,
	"fetch":  null,
	"storeUrls":  null,
	"backoffSeconds":  1,
	"backoffFactor":  1.5,
	"maxLaunchDelaySeconds":  3600,
	"container":  {
		"type":  "DOCKER",
		"docker":  {
			"image":  "compucandi/simple-docker",
			"network":  "BRIDGE",
                        "portMappings":  [
                                {
                                        "containerPort": 0,
                                        "hostPort": 8888,
                                        "servicePort": 8888,
                                        "protocol": "tcp"
                                }
                        ],
        "requiredPorts":  true,
		"forcePullImage":  true,
		"privileged":  false,
		"healthChecks":  [
		{
			"protocol":  "TCP",
			"gracePeriodSeconds":  10,
			"intervalSeconds":  2,
			"timeoutSeconds":  10,
			"maxConsecutiveFailures":  10
		}	
	]
	}
	},
	"readinessChecks":  null,
	"dependencies":  null,
	"upgradeStrategy":  {
		"minimumHealthCapacity":  1,
		"maximumOverCapacity":  1
	},
	"labels":  null,
	"acceptedResourceRoles":  null,
	"residency":  null,
	"taskKillGracePeriodSeconds":  null,
	"portDefinitions":  [ ],
	"requiredPorts":  true
}
	
	
	
