{"version": "2.0.0", "packages": [{"selected": true, "currentVersion": "1.0", "framework": false, "description": "This is a single sap container.", "tags": ["service", "sap", "key", "delivery"], "name": "sap", "versions": {"1.0": "0"}}, {"selected": true, "currentVersion": "1.0", "framework": false, "description": "This is a single satis-haproxy container.", "tags": ["mesosphere", "service", "satis-haproxy", "key"], "name": "satis-haproxy", "versions": {"1.0": "0"}}, {"selected": true, "currentVersion": "1.0", "framework": false, "description": "This is a single tm-db container.", "tags": ["mesosphere", "service", "tm-db", "storage"], "name": "tm-db", "versions": {"1.0": "0"}}, {"selected": true, "currentVersion": "1.0", "framework": false, "description": "This is a single tm-interface container.", "tags": ["mesosphere", "service", "tm-interface", "key"], "name": "tm-interface", "versions": {"1.0": "0"}}]}